<?xml version="1.0" encoding="UTF-8" ?>
<context>
  <object id="Logger" class="Logger" />
  <object id="DisplayImpl" class="RLR::Display">
    <property name="filter"><ref object="Filter" /></property>
  </object>
  <object id="Display" class="Tudura::InterceptorProxy">
    <property name="interceptors">
      <array>
        <ref object="Logger" />
        <ref object="DisplayImpl" />
      </array>
    </property>
  </object>
  <object id="Filter" class="RLR::LabelFilter">
    <property name="label"><value>label</value></property>
  </object>
</context>
